{
  "joint_goal_accuracy": 0.2773224043715847,
  "slot": {
    "accuracy": 0.8948007541622727,
    "value_prediction": {
      "prec": 0.815411006763935,
      "rec": 0.775640412097044,
      "f1": 0.795028648122034
    },
    "none_prediction": {
      "prec": 0.94641658491248,
      "rec": 0.9772733331556077,
      "f1": 0.9615974818020854
    }
  }
}