{
  "joint_goal_accuracy": 0.26836672738312084,
  "slot": {
    "accuracy": 0.893993864442527,
    "value_prediction": {
      "prec": 0.8135369839909137,
      "rec": 0.7758531073446346,
      "f1": 0.7942483099775136
    },
    "none_prediction": {
      "prec": 0.9464994505139311,
      "rec": 0.9758070965850018,
      "f1": 0.9609298601403191
    }
  }
}