{
  "joint_goal_accuracy": 0.2735276259866424,
  "slot": {
    "accuracy": 0.8941216885565462,
    "value_prediction": {
      "prec": 0.8119156832492409,
      "rec": 0.7764925224327037,
      "f1": 0.7938091161122002
    },
    "none_prediction": {
      "prec": 0.9479212537236109,
      "rec": 0.9755671669643571,
      "f1": 0.9615455357612066
    }
  }
}