{
  "joint_goal_accuracy": 0.2697328476017001,
  "slot": {
    "accuracy": 0.8947128750838845,
    "value_prediction": {
      "prec": 0.8133148530259786,
      "rec": 0.7781063476237972,
      "f1": 0.7953211249138058
    },
    "none_prediction": {
      "prec": 0.9480781936185924,
      "rec": 0.9755138492708806,
      "f1": 0.9616003679006667
    }
  }
}