{
  "joint_goal_accuracy": 0.27443837279902855,
  "slot": {
    "accuracy": 0.8956555779247755,
    "value_prediction": {
      "prec": 0.81937037348587,
      "rec": 0.7769232303090746,
      "f1": 0.7975824445763667
    },
    "none_prediction": {
      "prec": 0.9451558876578201,
      "rec": 0.9778864866305884,
      "f1": 0.9612426461917428
    }
  }
}