{
  "detection": {
    "prec": 0.18624641833810887,
    "rec": 0.0951683748169839,
    "f1": 0.12596899224806202
  },
  "selection": {
    "mrr@5": 0.0,
    "r@1": 0.0,
    "r@5": 0.0
  },
  "generation": {
    "bleu-1": 0.006306126825640312,
    "bleu-2": 0.0008098799462593588,
    "bleu-3": 4.805791764291421e-05,
    "bleu-4": 8.769600792624169e-82,
    "meteor": 0.007646804882934697,
    "rouge_1": 0.009918274305628192,
    "rouge_2": 0.0010380792900749414,
    "rouge_l": 0.008959098349198807
  }
}