{
  "detection": {
    "prec": 0.16897506925207756,
    "rec": 0.08931185944363104,
    "f1": 0.11685823754789273
  },
  "selection": {
    "mrr@5": 0.0,
    "r@1": 0.0,
    "r@5": 0.0
  },
  "generation": {
    "bleu-1": 0.006443558797183923,
    "bleu-2": 0.000493473873131431,
    "bleu-3": 2.54114445805474e-106,
    "bleu-4": 1.8326367436900287e-157,
    "meteor": 0.007183128233509133,
    "rouge_1": 0.009273041597768518,
    "rouge_2": 0.0005460750729118801,
    "rouge_l": 0.008092267750598413
  }
}