{
  "detection": {
    "prec": 0.16806722689075632,
    "rec": 0.08784773060029283,
    "f1": 0.11538461538461539
  },
  "selection": {
    "mrr@5": 0.0,
    "r@1": 0.0,
    "r@5": 0.0
  },
  "generation": {
    "bleu-1": 0.002142723407576999,
    "bleu-2": 0.0003500783949288577,
    "bleu-3": 1.6320544587171602e-106,
    "bleu-4": 1.1155116725789008e-157,
    "meteor": 0.004427002435790477,
    "rouge_1": 0.005637947698631953,
    "rouge_2": 0.0005851352653784459,
    "rouge_l": 0.005241163640103994
  }
}