{
  "joint_goal_accuracy": 0.40710382513661203,
  "slot": {
    "accuracy": 0.9352411082350686,
    "value_prediction": {
      "prec": 0.9005979394810992,
      "rec": 0.870536105967812,
      "f1": 0.8853118997888135
    },
    "none_prediction": {
      "prec": 0.961197454886826,
      "rec": 0.9826450907733731,
      "f1": 0.9718029502102585
    }
  }
}