{
  "joint_goal_accuracy": 0.46159684274438373,
  "slot": {
    "accuracy": 0.9498290352474994,
    "value_prediction": {
      "prec": 0.9223860078943802,
      "rec": 0.900866733133933,
      "f1": 0.9114993779212497
    },
    "none_prediction": {
      "prec": 0.9706530869382612,
      "rec": 0.9857908346884914,
      "f1": 0.9781633975690082
    }
  }
}