{
  "joint_goal_accuracy": 0.4286581663630844,
  "slot": {
    "accuracy": 0.9424551816700221,
    "value_prediction": {
      "prec": 0.9152466244333932,
      "rec": 0.8844220671319376,
      "f1": 0.8995703657130882
    },
    "none_prediction": {
      "prec": 0.9637079427982949,
      "rec": 0.9854042814107862,
      "f1": 0.9744353568439298
    }
  }
}