{
  "joint_goal_accuracy": 0.4579538554948391,
  "slot": {
    "accuracy": 0.949277793755792,
    "value_prediction": {
      "prec": 0.9218486365029118,
      "rec": 0.8998823529411775,
      "f1": 0.9107330608950113
    },
    "none_prediction": {
      "prec": 0.9704134248264823,
      "rec": 0.9858708112287062,
      "f1": 0.9780810505226827
    }
  }
}