{
  "joint_goal_accuracy": 0.42926533090467517,
  "slot": {
    "accuracy": 0.9417441600357908,
    "value_prediction": {
      "prec": 0.9125775009966873,
      "rec": 0.882443336656697,
      "f1": 0.8972574780692866
    },
    "none_prediction": {
      "prec": 0.9639661963014163,
      "rec": 0.9852443283303565,
      "f1": 0.9744891232696111
    }
  }
}