{
  "joint_goal_accuracy": 0.001366120218579235,
  "slot": {
    "accuracy": 0.6945882465727159,
    "value_prediction": {
      "prec": 0.5683028134427828,
      "rec": 0.2691930874044527,
      "f1": 0.3653347766276518
    },
    "none_prediction": {
      "prec": 0.7256870149974857,
      "rec": 0.9810055716989683,
      "f1": 0.8342486638441615
    }
  }
}