{
  "detection": {
    "prec": 0.8966861598440545,
    "rec": 0.6734992679355783,
    "f1": 0.7692307692307692
  },
  "selection": {
    "mrr@5": 0.5573857302118168,
    "r@1": 0.4949832775919733,
    "r@5": 0.6471571906354515
  },
  "generation": {
    "bleu-1": 0.12481053018380639,
    "bleu-2": 0.06148244260294159,
    "bleu-3": 0.028971486716380092,
    "bleu-4": 0.015261057854389073,
    "meteor": 0.13644229926597962,
    "rouge_1": 0.1519296856763976,
    "rouge_2": 0.05190807744919769,
    "rouge_l": 0.12286305275569491
  }
}