{
  "detection": {
    "prec": 0.9016697588126159,
    "rec": 0.7115666178623719,
    "f1": 0.795417348608838
  },
  "selection": {
    "mrr@5": 0.5229950900163665,
    "r@1": 0.4582651391162029,
    "r@5": 0.6252045826513912
  },
  "generation": {
    "bleu-1": 0.1153372464922053,
    "bleu-2": 0.05158553978991087,
    "bleu-3": 0.018626671827871567,
    "bleu-4": 0.0074570270195854094,
    "meteor": 0.12150323134963154,
    "rouge_1": 0.14426772973704355,
    "rouge_2": 0.041185825671372814,
    "rouge_l": 0.11426924632812552
  }
}