{
  "joint_goal_accuracy": 0.005009107468123861,
  "slot": {
    "accuracy": 0.6995813760265874,
    "value_prediction": {
      "prec": 0.6577039600153772,
      "rec": 0.2842618810235953,
      "f1": 0.39695741965425135
    },
    "none_prediction": {
      "prec": 0.7096920683691315,
      "rec": 0.9790594758870731,
      "f1": 0.8228928013264695
    }
  }
}