{
  "detection": {
    "prec": 0.8767313019390581,
    "rec": 0.9267935578330894,
    "f1": 0.901067615658363
  },
  "selection": {
    "mrr@5": 0.7431791221826806,
    "r@1": 0.694661921708185,
    "r@5": 0.8156583629893237
  },
  "generation": {
    "bleu-1": 0.3259931062786463,
    "bleu-2": 0.22980859339722454,
    "bleu-3": 0.1509702121837426,
    "bleu-4": 0.09499400277116855,
    "meteor": 0.3988409150098211,
    "rouge_1": 0.37757532038167385,
    "rouge_2": 0.19443434761790068,
    "rouge_l": 0.3664968945355283
  }
}