{
  "detection": {
    "prec": 0.8666666666666667,
    "rec": 0.9136163982430454,
    "f1": 0.8895224518888097
  },
  "selection": {
    "mrr@5": 0.7199334758850079,
    "r@1": 0.6657163221667856,
    "r@5": 0.7925873129009267
  },
  "generation": {
    "bleu-1": 0.3269064329565968,
    "bleu-2": 0.23276846122719452,
    "bleu-3": 0.15480444740474325,
    "bleu-4": 0.09392059943501439,
    "meteor": 0.4008215576354001,
    "rouge_1": 0.37997966264289285,
    "rouge_2": 0.1990398596567101,
    "rouge_l": 0.36865417419292423
  }
}