{
  "detection": {
    "prec": 0.8767313019390581,
    "rec": 0.9267935578330894,
    "f1": 0.901067615658363
  },
  "selection": {
    "mrr@5": 0.7408540925266902,
    "r@1": 0.6889679715302492,
    "r@5": 0.8170818505338078
  },
  "generation": {
    "bleu-1": 0.3199051759336294,
    "bleu-2": 0.224030016797029,
    "bleu-3": 0.14650812030008284,
    "bleu-4": 0.09161107731237474,
    "meteor": 0.38978982724703554,
    "rouge_1": 0.3726144527695474,
    "rouge_2": 0.1906967872345541,
    "rouge_l": 0.36282020758620287
  }
}