{
  "detection": {
    "prec": 0.8767313019390581,
    "rec": 0.9267935578330894,
    "f1": 0.901067615658363
  },
  "selection": {
    "mrr@5": 0.7437959667852903,
    "r@1": 0.6975088967971529,
    "r@5": 0.8113879003558719
  },
  "generation": {
    "bleu-1": 0.3254836083343909,
    "bleu-2": 0.23006180016310046,
    "bleu-3": 0.15162567412133454,
    "bleu-4": 0.093890481302129,
    "meteor": 0.3985440026361279,
    "rouge_1": 0.3791473345448648,
    "rouge_2": 0.19697052678338015,
    "rouge_l": 0.37047600559535243
  }
}