{
  "detection": {
    "prec": 0.8697421981004071,
    "rec": 0.9385065885797951,
    "f1": 0.9028169014084508
  },
  "selection": {
    "mrr@5": 0.7326525821596241,
    "r@1": 0.6915492957746479,
    "r@5": 0.7901408450704225
  },
  "generation": {
    "bleu-1": 0.33269988690053665,
    "bleu-2": 0.23513668351975334,
    "bleu-3": 0.15680836856463437,
    "bleu-4": 0.09837158622085233,
    "meteor": 0.4039380784677181,
    "rouge_1": 0.3849468884746112,
    "rouge_2": 0.20025363540789048,
    "rouge_l": 0.37422820128343715
  }
}