{
  "detection": {
    "prec": 0.8579545454545454,
    "rec": 0.8843338213762811,
    "f1": 0.8709444844989186
  },
  "selection": {
    "mrr@5": 0.7082191780821915,
    "r@1": 0.6416726748377793,
    "r@5": 0.8002883922134103
  },
  "generation": {
    "bleu-1": 0.3282751883966945,
    "bleu-2": 0.24221479832183068,
    "bleu-3": 0.1698470389717363,
    "bleu-4": 0.10825001708948215,
    "meteor": 0.412794340263426,
    "rouge_1": 0.37536942760802416,
    "rouge_2": 0.21099297250720392,
    "rouge_l": 0.3863932212488265
  }
}