{
  "detection": {
    "prec": 0.8579545454545454,
    "rec": 0.8843338213762811,
    "f1": 0.8709444844989186
  },
  "selection": {
    "mrr@5": 0.6551790434991586,
    "r@1": 0.5537130497476569,
    "r@5": 0.790194664744052
  },
  "generation": {
    "bleu-1": 0.32097419307607883,
    "bleu-2": 0.23507957477810806,
    "bleu-3": 0.16413702259337265,
    "bleu-4": 0.10399472388145989,
    "meteor": 0.40509038763828764,
    "rouge_1": 0.36811773208508075,
    "rouge_2": 0.20452683701713542,
    "rouge_l": 0.3794899025307871
  }
}