{
  "detection": {
    "prec": 0.8579545454545454,
    "rec": 0.8843338213762811,
    "f1": 0.8709444844989186
  },
  "selection": {
    "mrr@5": 0.6551790434991586,
    "r@1": 0.5537130497476569,
    "r@5": 0.790194664744052
  },
  "generation": {
    "bleu-1": 0.32117668201027294,
    "bleu-2": 0.23535934102318448,
    "bleu-3": 0.16451965134960309,
    "bleu-4": 0.10432601785158425,
    "meteor": 0.4055568099037339,
    "rouge_1": 0.3683864125453084,
    "rouge_2": 0.2048841312682629,
    "rouge_l": 0.3797867864794985
  }
}