{
  "detection": {
    "prec": 0.9019908116385911,
    "rec": 0.862371888726208,
    "f1": 0.8817365269461078
  },
  "selection": {
    "mrr@5": 0.722330339321357,
    "r@1": 0.6526946107784432,
    "r@5": 0.8203592814371259
  },
  "generation": {
    "bleu-1": 0.3335003722968414,
    "bleu-2": 0.2459999677938129,
    "bleu-3": 0.172157149775939,
    "bleu-4": 0.11013079075814153,
    "meteor": 0.41716416483500385,
    "rouge_1": 0.3814043056302104,
    "rouge_2": 0.21430974327670937,
    "rouge_l": 0.39154267511986346
  }
}