{
  "detection": {
    "prec": 0.9019908116385911,
    "rec": 0.862371888726208,
    "f1": 0.8817365269461078
  },
  "selection": {
    "mrr@5": 0.6650698602794406,
    "r@1": 0.562874251497006,
    "r@5": 0.8038922155688623
  },
  "generation": {
    "bleu-1": 0.3234308406232973,
    "bleu-2": 0.23678441504813835,
    "bleu-3": 0.16467374427664191,
    "bleu-4": 0.10498205813445302,
    "meteor": 0.40836622656249727,
    "rouge_1": 0.37130327357047255,
    "rouge_2": 0.20629296760538532,
    "rouge_l": 0.38383092118186113
  }
}