{
  "detection": {
    "prec": 0.8875912408759125,
    "rec": 0.890190336749634,
    "f1": 0.888888888888889
  },
  "selection": {
    "mrr@5": 0.5716374269005848,
    "r@1": 0.5716374269005848,
    "r@5": 0.5716374269005848
  },
  "generation": {
    "bleu-1": 0.14522762225207267,
    "bleu-2": 0.07538316386262292,
    "bleu-3": 0.03209060919585461,
    "bleu-4": 0.015032051682257576,
    "meteor": 0.15800106391544863,
    "rouge_1": 0.17827752861480942,
    "rouge_2": 0.0630143204165013,
    "rouge_l": 0.14200560270161272
  }
}