{
  "detection": {
    "prec": 0.8875912408759125,
    "rec": 0.890190336749634,
    "f1": 0.888888888888889
  },
  "selection": {
    "mrr@5": 0.5555555555555555,
    "r@1": 0.5555555555555555,
    "r@5": 0.5555555555555555
  },
  "generation": {
    "bleu-1": 0.13810279870905595,
    "bleu-2": 0.06733536239818178,
    "bleu-3": 0.026298369918199286,
    "bleu-4": 0.011286659112508446,
    "meteor": 0.14917044739663043,
    "rouge_1": 0.17106761923944008,
    "rouge_2": 0.05605176325960415,
    "rouge_l": 0.13461488903355961
  }
}