{
  "detection": {
    "prec": 0.8774080560420315,
    "rec": 0.7335285505124451,
    "f1": 0.799043062200957
  },
  "selection": {
    "mrr@5": 0.4606326422115896,
    "r@1": 0.41307814992025516,
    "r@5": 0.5311004784688995
  },
  "generation": {
    "bleu-1": 0.1105686542770029,
    "bleu-2": 0.04986297603183092,
    "bleu-3": 0.02290971383829611,
    "bleu-4": 0.01053807019969841,
    "meteor": 0.12566039694782602,
    "rouge_1": 0.14248225418776966,
    "rouge_2": 0.04363307577220042,
    "rouge_l": 0.11536582175497541
  }
}