{
  "detection": {
    "prec": 0.8589041095890411,
    "rec": 0.91800878477306,
    "f1": 0.8874734607218684
  },
  "selection": {
    "mrr@5": 0.20379806558150507,
    "r@1": 0.18400566171266805,
    "r@5": 0.22929936305732482
  },
  "generation": {
    "bleu-1": 0.3016983282415498,
    "bleu-2": 0.20715400007492854,
    "bleu-3": 0.12134277329243388,
    "bleu-4": 0.06811885115826381,
    "meteor": 0.351385117309052,
    "rouge_1": 0.3526756031354898,
    "rouge_2": 0.173036415078306,
    "rouge_l": 0.33893930064195543
  }
}