{
  "joint_goal_accuracy": 0.0018214936247723133,
  "slot": {
    "accuracy": 0.7045105934234493,
    "value_prediction": {
      "prec": 0.6362154368835011,
      "rec": 0.2962366234629438,
      "f1": 0.40424665424053097
    },
    "none_prediction": {
      "prec": 0.7217175238899638,
      "rec": 0.9795260057049932,
      "f1": 0.8310874617598661
    }
  }
}