{
  "detection": {
    "prec": 0.8413098236775819,
    "rec": 0.9780380673499268,
    "f1": 0.9045362220717672
  },
  "selection": {
    "mrr@5": 0.7430376890092528,
    "r@1": 0.7027758970886933,
    "r@5": 0.8029790115098171
  },
  "generation": {
    "bleu-1": 0.3961152659214386,
    "bleu-2": 0.30017036538575476,
    "bleu-3": 0.21722325900627026,
    "bleu-4": 0.14525378249071147,
    "meteor": 0.4526145438932485,
    "rouge_1": 0.4433216894287964,
    "rouge_2": 0.2612803021111987,
    "rouge_l": 0.43715143640258275
  }
}