{
  "detection": {
    "prec": 0.850253807106599,
    "rec": 0.9809663250366032,
    "f1": 0.910944935418083
  },
  "selection": {
    "mrr@5": 0.7479492408792202,
    "r@1": 0.7097212780421481,
    "r@5": 0.804894629503739
  },
  "generation": {
    "bleu-1": 0.4012848110275397,
    "bleu-2": 0.3047230420328334,
    "bleu-3": 0.22312252391012416,
    "bleu-4": 0.15248110786263205,
    "meteor": 0.459661679525186,
    "rouge_1": 0.44868938031157857,
    "rouge_2": 0.2656595587961087,
    "rouge_l": 0.44046004598930144
  }
}