{
  "detection": {
    "prec": 0.850253807106599,
    "rec": 0.9809663250366032,
    "f1": 0.910944935418083
  },
  "selection": {
    "mrr@5": 0.7479492408792202,
    "r@1": 0.7097212780421481,
    "r@5": 0.804894629503739
  },
  "generation": {
    "bleu-1": 0.3975476694885464,
    "bleu-2": 0.30139568534219524,
    "bleu-3": 0.21850393404468463,
    "bleu-4": 0.14610227041498405,
    "meteor": 0.4548582979707472,
    "rouge_1": 0.4452451730706227,
    "rouge_2": 0.26285233548642856,
    "rouge_l": 0.438999462252578
  }
}