{
  "joint_goal_accuracy": 0.2352762598664238,
  "slot": {
    "accuracy": 0.8972533793500144,
    "value_prediction": {
      "prec": 0.8580545537006263,
      "rec": 0.7922333000997029,
      "f1": 0.823831296071664
    },
    "none_prediction": {
      "prec": 0.9231764064461322,
      "rec": 0.9705153155074512,
      "f1": 0.9462541669103457
    }
  }
}