{
  "joint_goal_accuracy": 0.19201578627808136,
  "slot": {
    "accuracy": 0.8850142204326846,
    "value_prediction": {
      "prec": 0.8914618584416438,
      "rec": 0.7455927455728077,
      "f1": 0.8120284967636613
    },
    "none_prediction": {
      "prec": 0.8841615802374201,
      "rec": 0.9808722774652768,
      "f1": 0.9300094786729859
    }
  }
}