{
  "joint_goal_accuracy": 0.2542501517911354,
  "slot": {
    "accuracy": 0.9046192439203655,
    "value_prediction": {
      "prec": 0.8507709939570767,
      "rec": 0.8141276171485565,
      "f1": 0.8320460566537622
    },
    "none_prediction": {
      "prec": 0.9410743437589075,
      "rec": 0.9681693369944816,
      "f1": 0.9544295813513441
    }
  }
}