{
  "joint_goal_accuracy": 0.2679113539769277,
  "slot": {
    "accuracy": 0.9078707698207267,
    "value_prediction": {
      "prec": 0.8485596370394679,
      "rec": 0.8254463276836173,
      "f1": 0.836843417497188
    },
    "none_prediction": {
      "prec": 0.948578310729434,
      "rec": 0.9658500173282504,
      "f1": 0.9571362525592761
    }
  }
}