{
  "joint_goal_accuracy": 0.23284760170006072,
  "slot": {
    "accuracy": 0.9015674431981593,
    "value_prediction": {
      "prec": 0.869956792374691,
      "rec": 0.8018174049280752,
      "f1": 0.834498461319532
    },
    "none_prediction": {
      "prec": 0.9226852438252058,
      "rec": 0.9709951747487404,
      "f1": 0.9462239887771803
    }
  }
}