{
  "detection": {
    "prec": 0.9213973799126638,
    "rec": 0.9267935578330894,
    "f1": 0.9240875912408759
  },
  "selection": {
    "mrr@5": 0.6463503649635035,
    "r@1": 0.6204379562043796,
    "r@5": 0.6846715328467152
  },
  "generation": {
    "bleu-1": 0.2704980306683989,
    "bleu-2": 0.18178577980393956,
    "bleu-3": 0.09358671931712147,
    "bleu-4": 0.029792263603143614,
    "meteor": 0.31668980808910324,
    "rouge_1": 0.33239427005210814,
    "rouge_2": 0.154344077348034,
    "rouge_l": 0.31835363568813807
  }
}