{
  "detection": {
    "prec": 0.9920634920634921,
    "rec": 0.5490483162518301,
    "f1": 0.706880301602262
  },
  "selection": {
    "mrr@5": 0.6528432296575558,
    "r@1": 0.6371347785108388,
    "r@5": 0.6691800188501413
  },
  "generation": {
    "bleu-1": 0.22048903826908464,
    "bleu-2": 0.15169602616252928,
    "bleu-3": 0.08258452778386884,
    "bleu-4": 0.029451376142777697,
    "meteor": 0.25931506718864217,
    "rouge_1": 0.27113729350913757,
    "rouge_2": 0.13054724452095826,
    "rouge_l": 0.26014731370260213
  }
}