{
  "detection": {
    "prec": 0.9521367521367521,
    "rec": 0.8155197657393851,
    "f1": 0.8785488958990536
  },
  "selection": {
    "mrr@5": 0.6983438485804414,
    "r@1": 0.6703470031545742,
    "r@5": 0.7397476340694007
  },
  "generation": {
    "bleu-1": 0.2647080190073241,
    "bleu-2": 0.1792926482401334,
    "bleu-3": 0.09386539056629942,
    "bleu-4": 0.031001596436208197,
    "meteor": 0.3107013624288467,
    "rouge_1": 0.3251837896798939,
    "rouge_2": 0.15294813278169658,
    "rouge_l": 0.31143521708261857
  }
}