{
  "detection": {
    "prec": 0.9521367521367521,
    "rec": 0.8155197657393851,
    "f1": 0.8785488958990536
  },
  "selection": {
    "mrr@5": 0.6816246056782335,
    "r@1": 0.6482649842271293,
    "r@5": 0.7271293375394321
  },
  "generation": {
    "bleu-1": 0.2604946502178264,
    "bleu-2": 0.17635149862191038,
    "bleu-3": 0.0915769267952273,
    "bleu-4": 0.029835295211294233,
    "meteor": 0.3044255986355817,
    "rouge_1": 0.32067020105142174,
    "rouge_2": 0.1508118074723792,
    "rouge_l": 0.3073542201528427
  }
}