{
  "detection": {
    "prec": 0.9944598337950139,
    "rec": 0.5256222547584187,
    "f1": 0.6877394636015326
  },
  "selection": {
    "mrr@5": 0.6497445721583653,
    "r@1": 0.6398467432950192,
    "r@5": 0.6609195402298851
  },
  "generation": {
    "bleu-1": 0.21894953002118547,
    "bleu-2": 0.15132169955915922,
    "bleu-3": 0.08338809418040531,
    "bleu-4": 0.029543097911384007,
    "meteor": 0.25746161316679483,
    "rouge_1": 0.26713616739317536,
    "rouge_2": 0.1298074988440812,
    "rouge_l": 0.25581809918068016
  }
}