{
  "joint_goal_accuracy": 0.052367941712204005,
  "slot": {
    "accuracy": 0.7803102930367813,
    "value_prediction": {
      "prec": 0.6724504821974258,
      "rec": 0.525101362578931,
      "f1": 0.58971086055096
    },
    "none_prediction": {
      "prec": 0.8313936589505994,
      "rec": 0.9531737357041934,
      "f1": 0.8881285202411928
    }
  }
}