{
  "joint_goal_accuracy": 0.051001821493624776,
  "slot": {
    "accuracy": 0.7676636947560157,
    "value_prediction": {
      "prec": 0.6557160301856306,
      "rec": 0.49610834164174245,
      "f1": 0.5648538097994933
    },
    "none_prediction": {
      "prec": 0.8183058386545758,
      "rec": 0.9514542400895737,
      "f1": 0.8798713105003974
    }
  }
}