{
  "detection": {
    "prec": 0.8817934782608695,
    "rec": 0.9502196193265008,
    "f1": 0.9147286821705426
  },
  "selection": {
    "mrr@5": 0.7926239135541459,
    "r@1": 0.7427766032417196,
    "r@5": 0.8653981677237491
  },
  "generation": {
    "bleu-1": 0.14265020363773565,
    "bleu-2": 0.08754603397833689,
    "bleu-3": 0.04052900885112525,
    "bleu-4": 0.018989577223921413,
    "meteor": 0.19191537572458717,
    "rouge_1": 0.21063590963878248,
    "rouge_2": 0.09057037262774915,
    "rouge_l": 0.20088251217444816
  }
}