{
  "detection": {
    "prec": 0.8793103448275862,
    "rec": 0.9707174231332357,
    "f1": 0.9227557411273487
  },
  "selection": {
    "mrr@5": 0.8332405474367895,
    "r@1": 0.7933194154488518,
    "r@5": 0.8865692414752958
  },
  "generation": {
    "bleu-1": 0.1617144937750689,
    "bleu-2": 0.0990115536962101,
    "bleu-3": 0.04860349145600034,
    "bleu-4": 0.02366964469377415,
    "meteor": 0.20956540049191308,
    "rouge_1": 0.22949802090040136,
    "rouge_2": 0.09813785286189065,
    "rouge_l": 0.21868872555870525
  }
}