{
  "joint_goal_accuracy": 0.35382513661202186,
  "slot": {
    "accuracy": 0.935464800434602,
    "value_prediction": {
      "prec": 0.9216229659631933,
      "rec": 0.8620804253904963,
      "f1": 0.8908578885912506
    },
    "none_prediction": {
      "prec": 0.9465385499987222,
      "rec": 0.987417024339527,
      "f1": 0.9665457582004645
    }
  }
}