{
  "joint_goal_accuracy": 0.36050394656952034,
  "slot": {
    "accuracy": 0.9366551624964049,
    "value_prediction": {
      "prec": 0.9207851607165558,
      "rec": 0.8670987038883363,
      "f1": 0.8931358856391732
    },
    "none_prediction": {
      "prec": 0.9491057911887717,
      "rec": 0.9860974114259817,
      "f1": 0.9672480518801317
    }
  }
}