{
  "joint_goal_accuracy": 0.3574681238615665,
  "slot": {
    "accuracy": 0.9361198990189499,
    "value_prediction": {
      "prec": 0.9186576689020065,
      "rec": 0.8659195746095064,
      "f1": 0.8915093597205275
    },
    "none_prediction": {
      "prec": 0.9497567425321883,
      "rec": 0.9862040468129348,
      "f1": 0.9676373076646417
    }
  }
}