{
  "joint_goal_accuracy": 0.2750455373406193,
  "slot": {
    "accuracy": 0.9207170932796472,
    "value_prediction": {
      "prec": 0.8848921167081892,
      "rec": 0.835768693918247,
      "f1": 0.8596291890561567
    },
    "none_prediction": {
      "prec": 0.9455954553633396,
      "rec": 0.9806856655381089,
      "f1": 0.9628209490407518
    }
  }
}