{
  "joint_goal_accuracy": 0.3553430479659988,
  "slot": {
    "accuracy": 0.9361758220688333,
    "value_prediction": {
      "prec": 0.9235660697428488,
      "rec": 0.8648740445330689,
      "f1": 0.8932569961453856
    },
    "none_prediction": {
      "prec": 0.9468091907580969,
      "rec": 0.9870304710618218,
      "f1": 0.9665015564735596
    }
  }
}