{
  "detection": {
    "prec": 0.8689189189189189,
    "rec": 0.9414348462664714,
    "f1": 0.9037245256500351
  },
  "selection": {
    "mrr@5": 0.697751229796205,
    "r@1": 0.6619817287420942,
    "r@5": 0.7463106113843991
  },
  "generation": {
    "bleu-1": 0.3709081741423734,
    "bleu-2": 0.27183271792472224,
    "bleu-3": 0.1921985455503393,
    "bleu-4": 0.12328289390375019,
    "meteor": 0.43572722714871076,
    "rouge_1": 0.41528341183657314,
    "rouge_2": 0.2309670643058339,
    "rouge_l": 0.40444346156115946
  }
}