{
  "detection": {
    "prec": 0.8689189189189189,
    "rec": 0.9414348462664714,
    "f1": 0.9037245256500351
  },
  "selection": {
    "mrr@5": 0.7052939798547668,
    "r@1": 0.6760365425158117,
    "r@5": 0.7463106113843991
  },
  "generation": {
    "bleu-1": 0.3711967254328712,
    "bleu-2": 0.2756559519665335,
    "bleu-3": 0.1941897180438087,
    "bleu-4": 0.13038926573507678,
    "meteor": 0.4354183370673671,
    "rouge_1": 0.4175083966736242,
    "rouge_2": 0.23731472858795452,
    "rouge_l": 0.40930555559018994
  }
}