{
  "detection": {
    "prec": 0.8689189189189189,
    "rec": 0.9414348462664714,
    "f1": 0.9037245256500351
  },
  "selection": {
    "mrr@5": 0.7137268681189972,
    "r@1": 0.6844694307800422,
    "r@5": 0.7547434996486296
  },
  "generation": {
    "bleu-1": 0.3716330806155782,
    "bleu-2": 0.27606862970449597,
    "bleu-3": 0.19474111764994326,
    "bleu-4": 0.13020386273848847,
    "meteor": 0.43682161212055043,
    "rouge_1": 0.4181067027019927,
    "rouge_2": 0.23780377430077743,
    "rouge_l": 0.40997657554843747
  }
}