{
  "detection": {
    "prec": 0.8689189189189189,
    "rec": 0.9414348462664714,
    "f1": 0.9037245256500351
  },
  "selection": {
    "mrr@5": 0.7163738580463807,
    "r@1": 0.6788475052705553,
    "r@5": 0.7673928320449754
  },
  "generation": {
    "bleu-1": 0.3705877912892036,
    "bleu-2": 0.2710553268289418,
    "bleu-3": 0.19127915347707117,
    "bleu-4": 0.12285891285656647,
    "meteor": 0.43514998794685716,
    "rouge_1": 0.41488997414829976,
    "rouge_2": 0.22987664249792858,
    "rouge_l": 0.4036643781633722
  }
}