{
  "detection": {
    "prec": 0.8689189189189189,
    "rec": 0.9414348462664714,
    "f1": 0.9037245256500351
  },
  "selection": {
    "mrr@5": 0.7233309908643708,
    "r@1": 0.6929023190442727,
    "r@5": 0.7659873506676037
  },
  "generation": {
    "bleu-1": 0.3731704086989013,
    "bleu-2": 0.27746435810585734,
    "bleu-3": 0.19569245384909256,
    "bleu-4": 0.1316936044795465,
    "meteor": 0.43866653582603515,
    "rouge_1": 0.4196306393993254,
    "rouge_2": 0.23918771737690156,
    "rouge_l": 0.41149772330789586
  }
}