{
  "joint_goal_accuracy": 0.16150576806314512,
  "slot": {
    "accuracy": 0.8624133192726808,
    "value_prediction": {
      "prec": 0.8275109102846361,
      "rec": 0.7120884014622825,
      "f1": 0.7654730900451953
    },
    "none_prediction": {
      "prec": 0.8837436141287782,
      "rec": 0.9661432646423715,
      "f1": 0.923108272467349
    }
  }
}