{
  "joint_goal_accuracy": 0.14541590771098967,
  "slot": {
    "accuracy": 0.8393730227207362,
    "value_prediction": {
      "prec": 0.8085822423048804,
      "rec": 0.695799933532744,
      "f1": 0.7479634889162877
    },
    "none_prediction": {
      "prec": 0.866332589585086,
      "rec": 0.9471088480712324,
      "f1": 0.9049217073465827
    }
  }
}