{
  "joint_goal_accuracy": 0.15194292653309047,
  "slot": {
    "accuracy": 0.8576998050682261,
    "value_prediction": {
      "prec": 0.812922874249727,
      "rec": 0.730074443336659,
      "f1": 0.76927446098464
    },
    "none_prediction": {
      "prec": 0.8859021876130933,
      "rec": 0.9462557649756071,
      "f1": 0.9150849150849151
    }
  }
}