{
  "joint_goal_accuracy": 0.16135397692774742,
  "slot": {
    "accuracy": 0.8623334292014189,
    "value_prediction": {
      "prec": 0.8272791874251759,
      "rec": 0.7118889996676664,
      "f1": 0.7652587392601355
    },
    "none_prediction": {
      "prec": 0.8837436141287782,
      "rec": 0.9661432646423715,
      "f1": 0.923108272467349
    }
  }
}