{
  "joint_goal_accuracy": 0.15194292653309047,
  "slot": {
    "accuracy": 0.8576678490397214,
    "value_prediction": {
      "prec": 0.8128340623311675,
      "rec": 0.7299946826188126,
      "f1": 0.7691904176603065
    },
    "none_prediction": {
      "prec": 0.8859021876130933,
      "rec": 0.9462557649756071,
      "f1": 0.9150849150849151
    }
  }
}