{
  "detection": {
    "prec": 0.8687782805429864,
    "rec": 0.8433382137628112,
    "f1": 0.8558692421991084
  },
  "selection": {
    "mrr@5": 0.26840019811788013,
    "r@1": 0.21248142644873702,
    "r@5": 0.3521545319465082
  },
  "generation": {
    "bleu-1": 0.04352117862123086,
    "bleu-2": 0.01983431302495546,
    "bleu-3": 0.010396595390931528,
    "bleu-4": 0.004840593316839216,
    "meteor": 0.07300502381110179,
    "rouge_1": 0.09426999410203833,
    "rouge_2": 0.0313417126398903,
    "rouge_l": 0.08930646079986476
  }
}