{
  "detection": {
    "prec": 0.8687782805429864,
    "rec": 0.8433382137628112,
    "f1": 0.8558692421991084
  },
  "selection": {
    "mrr@5": 0.3736998514115899,
    "r@1": 0.3135215453194651,
    "r@5": 0.4710252600297177
  },
  "generation": {
    "bleu-1": 0.049557565034730376,
    "bleu-2": 0.02435201654788629,
    "bleu-3": 0.013273853320707485,
    "bleu-4": 0.007362856550014381,
    "meteor": 0.08354333987810672,
    "rouge_1": 0.10693257949717107,
    "rouge_2": 0.038929842950436666,
    "rouge_l": 0.10358978579547908
  }
}