{
  "detection": {
    "prec": 0.8687782805429864,
    "rec": 0.8433382137628112,
    "f1": 0.8558692421991084
  },
  "selection": {
    "mrr@5": 0.2748390292223872,
    "r@1": 0.2332838038632987,
    "r@5": 0.34323922734026746
  },
  "generation": {
    "bleu-1": 0.04607123597749874,
    "bleu-2": 0.020876118610176027,
    "bleu-3": 0.010790604683950251,
    "bleu-4": 0.005098503210757836,
    "meteor": 0.07498164761535361,
    "rouge_1": 0.09982663379042804,
    "rouge_2": 0.03294773651902008,
    "rouge_l": 0.09454668270825228
  }
}