{
  "detection": {
    "prec": 0.8687782805429864,
    "rec": 0.8433382137628112,
    "f1": 0.8558692421991084
  },
  "selection": {
    "mrr@5": 0.3493313521545318,
    "r@1": 0.28083209509658247,
    "r@5": 0.46805349182763745
  },
  "generation": {
    "bleu-1": 0.044673672397407875,
    "bleu-2": 0.020520017223274723,
    "bleu-3": 0.0106497812658706,
    "bleu-4": 0.005213196749414863,
    "meteor": 0.07705512590361292,
    "rouge_1": 0.10091656114323186,
    "rouge_2": 0.03433805595640967,
    "rouge_l": 0.09776242206839614
  }
}