{
  "detection": {
    "prec": 0.8687782805429864,
    "rec": 0.8433382137628112,
    "f1": 0.8558692421991084
  },
  "selection": {
    "mrr@5": 0.36163942545814765,
    "r@1": 0.2823179791976225,
    "r@5": 0.4769687964338782
  },
  "generation": {
    "bleu-1": 0.047294080782359686,
    "bleu-2": 0.02270319361751684,
    "bleu-3": 0.012346581976014518,
    "bleu-4": 0.006480493265602304,
    "meteor": 0.0800387238395374,
    "rouge_1": 0.10076537169180011,
    "rouge_2": 0.03537128662920752,
    "rouge_l": 0.0968269210849263
  }
}