{
  "joint_goal_accuracy": 0.15786278081360047,
  "slot": {
    "accuracy": 0.8562458057712588,
    "value_prediction": {
      "prec": 0.7458340675189766,
      "rec": 0.7596204719175826,
      "f1": 0.7526641442829831
    },
    "none_prediction": {
      "prec": 0.9350833389567447,
      "rec": 0.9235290981312149,
      "f1": 0.9292703045259763
    }
  }
}