{
  "joint_goal_accuracy": 0.14435336976320584,
  "slot": {
    "accuracy": 0.8447256574952865,
    "value_prediction": {
      "prec": 0.7592851527403435,
      "rec": 0.7189817215021621,
      "f1": 0.7385840212485595
    },
    "none_prediction": {
      "prec": 0.8993100252304207,
      "rec": 0.9312201754152115,
      "f1": 0.9149869684229828
    }
  }
}