{
  "joint_goal_accuracy": 0.14981785063752276,
  "slot": {
    "accuracy": 0.8340763109960694,
    "value_prediction": {
      "prec": 0.715579093756753,
      "rec": 0.704535061482222,
      "f1": 0.7100141336602181
    },
    "none_prediction": {
      "prec": 0.9139268562984854,
      "rec": 0.923355815627416,
      "f1": 0.9186171411900437
    }
  }
}