{
  "joint_goal_accuracy": 0.16909532483302975,
  "slot": {
    "accuracy": 0.8595133096858723,
    "value_prediction": {
      "prec": 0.7375051797451265,
      "rec": 0.768931871053508,
      "f1": 0.7528907198245444
    },
    "none_prediction": {
      "prec": 0.9497839061535295,
      "rec": 0.9227293327290661,
      "f1": 0.9360611735752872
    }
  }
}