{
  "detection": {
    "prec": 0.8622291021671826,
    "rec": 0.8155197657393851,
    "f1": 0.8382242287434162
  },
  "selection": {
    "mrr@5": 0.7014798093804864,
    "r@1": 0.6576373212942063,
    "r@5": 0.7614747930775019
  },
  "generation": {
    "bleu-1": 0.2996662448771976,
    "bleu-2": 0.20681229813184354,
    "bleu-3": 0.12891069065617555,
    "bleu-4": 0.07329902030778726,
    "meteor": 0.33858055156956857,
    "rouge_1": 0.3536999970642002,
    "rouge_2": 0.17664029218460672,
    "rouge_l": 0.34331932580541585
  }
}