{
  "detection": {
    "prec": 0.8852459016393442,
    "rec": 0.8696925329428989,
    "f1": 0.8774002954209749
  },
  "selection": {
    "mrr@5": 0.7492860659773508,
    "r@1": 0.7104874446085673,
    "r@5": 0.7976366322008862
  },
  "generation": {
    "bleu-1": 0.30826411004491333,
    "bleu-2": 0.20974589543790526,
    "bleu-3": 0.1267804005426255,
    "bleu-4": 0.07007457825179539,
    "meteor": 0.354700293416768,
    "rouge_1": 0.36412635610257205,
    "rouge_2": 0.17808990088505652,
    "rouge_l": 0.35234030236487734
  }
}