{
  "detection": {
    "prec": 0.8613707165109035,
    "rec": 0.8096632503660323,
    "f1": 0.8347169811320755
  },
  "selection": {
    "mrr@5": 0.7166540880503143,
    "r@1": 0.6777358490566039,
    "r@5": 0.7637735849056603
  },
  "generation": {
    "bleu-1": 0.29277156088346906,
    "bleu-2": 0.20022195646182248,
    "bleu-3": 0.12162212833281073,
    "bleu-4": 0.064301422193279,
    "meteor": 0.3332252473074557,
    "rouge_1": 0.3441778848509409,
    "rouge_2": 0.1690129022150453,
    "rouge_l": 0.3327132633374067
  }
}