{
  "detection": {
    "prec": 0.8845577211394303,
    "rec": 0.8638360175695461,
    "f1": 0.8740740740740741
  },
  "selection": {
    "mrr@5": 0.7263209876543206,
    "r@1": 0.6814814814814816,
    "r@5": 0.7866666666666666
  },
  "generation": {
    "bleu-1": 0.3073006800764293,
    "bleu-2": 0.21111710004239667,
    "bleu-3": 0.13065197518439195,
    "bleu-4": 0.07268895864070199,
    "meteor": 0.3500203190590555,
    "rouge_1": 0.36224494613092123,
    "rouge_2": 0.18060021585373856,
    "rouge_l": 0.34987391941178014
  }
}