{
  "detection": {
    "prec": 0.8635658914728682,
    "rec": 0.8155197657393851,
    "f1": 0.8388554216867471
  },
  "selection": {
    "mrr@5": 0.7175953815261042,
    "r@1": 0.6792168674698795,
    "r@5": 0.7650602409638555
  },
  "generation": {
    "bleu-1": 0.2885761441532585,
    "bleu-2": 0.19622356180969783,
    "bleu-3": 0.1178543930358987,
    "bleu-4": 0.05917634828325501,
    "meteor": 0.32562607430061774,
    "rouge_1": 0.34016405721227033,
    "rouge_2": 0.16618468021075178,
    "rouge_l": 0.33189148646753325
  }
}