{
  "detection": {
    "prec": 0.8469539375928677,
    "rec": 0.8345534407027818,
    "f1": 0.8407079646017699
  },
  "selection": {
    "mrr@5": 0.48721730580137645,
    "r@1": 0.3864306784660767,
    "r@5": 0.6489675516224189
  },
  "generation": {
    "bleu-1": 0.1354365646570136,
    "bleu-2": 0.06609056527884064,
    "bleu-3": 0.03268792939513497,
    "bleu-4": 0.016868281077050996,
    "meteor": 0.14610793173180062,
    "rouge_1": 0.17178922148959516,
    "rouge_2": 0.0590260843958939,
    "rouge_l": 0.14133966614883867
  }
}