{
  "detection": {
    "prec": 0.8895522388059701,
    "rec": 0.8726207906295754,
    "f1": 0.8810051736881005
  },
  "selection": {
    "mrr@5": 0.523774328652377,
    "r@1": 0.4138950480413895,
    "r@5": 0.7021433850702143
  },
  "generation": {
    "bleu-1": 0.14251456059374978,
    "bleu-2": 0.07065113288854219,
    "bleu-3": 0.03505564092289741,
    "bleu-4": 0.01750851778096533,
    "meteor": 0.15476007890966606,
    "rouge_1": 0.18119908388434694,
    "rouge_2": 0.06318850929974916,
    "rouge_l": 0.14939886278878184
  }
}