{
  "detection": {
    "prec": 0.8898809523809523,
    "rec": 0.8755490483162518,
    "f1": 0.8826568265682656
  },
  "selection": {
    "mrr@5": 0.5226568265682654,
    "r@1": 0.41328413284132837,
    "r@5": 0.6996309963099631
  },
  "generation": {
    "bleu-1": 0.14287267352886612,
    "bleu-2": 0.07088911509824967,
    "bleu-3": 0.03507585191307035,
    "bleu-4": 0.017482674950292317,
    "meteor": 0.1551967557512286,
    "rouge_1": 0.18162802651327092,
    "rouge_2": 0.06333637714457517,
    "rouge_l": 0.1497891924239427
  }
}