{
  "detection": {
    "prec": 0.8900445765230312,
    "rec": 0.87701317715959,
    "f1": 0.8834808259587021
  },
  "selection": {
    "mrr@5": 0.556907571288102,
    "r@1": 0.4498525073746312,
    "r@5": 0.7094395280235989
  },
  "generation": {
    "bleu-1": 0.1553422517007365,
    "bleu-2": 0.08257127125961936,
    "bleu-3": 0.04298021758611541,
    "bleu-4": 0.021329966300466734,
    "meteor": 0.16891259651563825,
    "rouge_1": 0.19519035275983568,
    "rouge_2": 0.07348623025856323,
    "rouge_l": 0.16158640312942962
  }
}