{
  "detection": {
    "prec": 0.8900445765230312,
    "rec": 0.87701317715959,
    "f1": 0.8834808259587021
  },
  "selection": {
    "mrr@5": 0.523500491642084,
    "r@1": 0.41297935103244837,
    "r@5": 0.7020648967551623
  },
  "generation": {
    "bleu-1": 0.14296070688714807,
    "bleu-2": 0.0709202272129189,
    "bleu-3": 0.0351521446764124,
    "bleu-4": 0.017469782122157884,
    "meteor": 0.15515762567739483,
    "rouge_1": 0.1817702779505446,
    "rouge_2": 0.06336856030533405,
    "rouge_l": 0.14990654458511105
  }
}