{
  "detection": {
    "prec": 0.8814016172506739,
    "rec": 0.9575402635431918,
    "f1": 0.9178947368421053
  },
  "selection": {
    "mrr@5": 0.7845146198830408,
    "r@1": 0.7382456140350877,
    "r@5": 0.8435087719298245
  },
  "generation": {
    "bleu-1": 0.15941863533623307,
    "bleu-2": 0.08691371739244333,
    "bleu-3": 0.04406325034315081,
    "bleu-4": 0.02315590760014019,
    "meteor": 0.17185576720204995,
    "rouge_1": 0.20724502109610637,
    "rouge_2": 0.07987333009917086,
    "rouge_l": 0.16589582579784648
  }
}