{
  "detection": {
    "prec": 0.8814016172506739,
    "rec": 0.9575402635431918,
    "f1": 0.9178947368421053
  },
  "selection": {
    "mrr@5": 0.7856374269005848,
    "r@1": 0.7410526315789473,
    "r@5": 0.8421052631578947
  },
  "generation": {
    "bleu-1": 0.34013566805797746,
    "bleu-2": 0.2513248071421111,
    "bleu-3": 0.17711552274307374,
    "bleu-4": 0.115371147425703,
    "meteor": 0.4085438527079036,
    "rouge_1": 0.39452539969733824,
    "rouge_2": 0.2229128209539547,
    "rouge_l": 0.3884297172417196
  }
}