{
  "detection": {
    "prec": 0.8814016172506739,
    "rec": 0.9575402635431918,
    "f1": 0.9178947368421053
  },
  "selection": {
    "mrr@5": 0.7891461988304093,
    "r@1": 0.7480701754385967,
    "r@5": 0.8407017543859648
  },
  "generation": {
    "bleu-1": 0.3380176261446412,
    "bleu-2": 0.2483233819312904,
    "bleu-3": 0.17332051285037517,
    "bleu-4": 0.11184327479134631,
    "meteor": 0.40703785188079433,
    "rouge_1": 0.3929697120623254,
    "rouge_2": 0.2200643041174498,
    "rouge_l": 0.38677867767422053
  }
}