{
  "detection": {
    "prec": 0.8814016172506739,
    "rec": 0.9575402635431918,
    "f1": 0.9178947368421053
  },
  "selection": {
    "mrr@5": 0.7882573099415204,
    "r@1": 0.7452631578947368,
    "r@5": 0.8421052631578947
  },
  "generation": {
    "bleu-1": 0.15861439880835612,
    "bleu-2": 0.08688978117230642,
    "bleu-3": 0.04345625776342334,
    "bleu-4": 0.02306955835308792,
    "meteor": 0.17129497211972294,
    "rouge_1": 0.20664134927069383,
    "rouge_2": 0.07975398873705468,
    "rouge_l": 0.16536765308460544
  }
}