{
  "detection": {
    "prec": 0.8814016172506739,
    "rec": 0.9575402635431918,
    "f1": 0.9178947368421053
  },
  "selection": {
    "mrr@5": 0.7856374269005848,
    "r@1": 0.7410526315789473,
    "r@5": 0.8421052631578947
  },
  "generation": {
    "bleu-1": 0.16023416167813684,
    "bleu-2": 0.08797996742157373,
    "bleu-3": 0.04490138582741881,
    "bleu-4": 0.024216594109652267,
    "meteor": 0.17323296048215567,
    "rouge_1": 0.20823193527425599,
    "rouge_2": 0.0810955472770312,
    "rouge_l": 0.16694496589989993
  }
}