{
  "joint_goal_accuracy": 0.003946569520340012,
  "slot": {
    "accuracy": 0.705157703000671,
    "value_prediction": {
      "prec": 0.6130217994763902,
      "rec": 0.30971352608840075,
      "f1": 0.411518098038955
    },
    "none_prediction": {
      "prec": 0.7301547553463215,
      "rec": 0.9716483164938284,
      "f1": 0.8337670210514879
    }
  }
}