{
  "joint_goal_accuracy": 0.18214936247723132,
  "slot": {
    "accuracy": 0.8758987633016969,
    "value_prediction": {
      "prec": 0.8766813684586977,
      "rec": 0.7332482552342986,
      "f1": 0.7985753841142316
    },
    "none_prediction": {
      "prec": 0.8777560166772802,
      "rec": 0.9737543653861533,
      "f1": 0.9232664977345828
    }
  }
}