{
  "joint_goal_accuracy": 0.17319368548876746,
  "slot": {
    "accuracy": 0.8719841498098616,
    "value_prediction": {
      "prec": 0.8568974292716952,
      "rec": 0.7273632436025282,
      "f1": 0.7868347731676741
    },
    "none_prediction": {
      "prec": 0.882389259469995,
      "rec": 0.9715550105302445,
      "f1": 0.9248279143536875
    }
  }
}