{
  "joint_goal_accuracy": 0.1697024893746205,
  "slot": {
    "accuracy": 0.8681094813536574,
    "value_prediction": {
      "prec": 0.8444542335157224,
      "rec": 0.7262811565304115,
      "f1": 0.7809223644433039
    },
    "none_prediction": {
      "prec": 0.8832033154558752,
      "rec": 0.9658233584815121,
      "f1": 0.9226674816314576
    }
  }
}