{
  "joint_goal_accuracy": 0.172434729811779,
  "slot": {
    "accuracy": 0.865872559358323,
    "value_prediction": {
      "prec": 0.8454449461399683,
      "rec": 0.713123961448989,
      "f1": 0.7736674923292727
    },
    "none_prediction": {
      "prec": 0.8790167851238672,
      "rec": 0.9709818453253712,
      "f1": 0.9227134831816484
    }
  }
}