{
  "joint_goal_accuracy": 0.17987249544626593,
  "slot": {
    "accuracy": 0.8764500047934043,
    "value_prediction": {
      "prec": 0.8693335221372623,
      "rec": 0.7345044865403805,
      "f1": 0.7962517022978337
    },
    "none_prediction": {
      "prec": 0.8823067632850241,
      "rec": 0.9737810242328917,
      "f1": 0.9257898138409093
    }
  }
}