{
  "detection": {
    "prec": 0.8247566063977747,
    "rec": 0.8682284040995608,
    "f1": 0.8459343794579173
  },
  "selection": {
    "mrr@5": 0.32584403233475995,
    "r@1": 0.30670470756062773,
    "r@5": 0.35092724679029963
  },
  "generation": {
    "bleu-1": 0.12329935071367122,
    "bleu-2": 0.05023630692884888,
    "bleu-3": 0.01735846861236099,
    "bleu-4": 0.008297459049540837,
    "meteor": 0.12715815129379301,
    "rouge_1": 0.15591390969854757,
    "rouge_2": 0.04100915706568966,
    "rouge_l": 0.12356018670379862
  }
}