{
  "detection": {
    "prec": 0.8247566063977747,
    "rec": 0.8682284040995608,
    "f1": 0.8459343794579173
  },
  "selection": {
    "mrr@5": 0.32584403233475995,
    "r@1": 0.30670470756062773,
    "r@5": 0.35092724679029963
  },
  "generation": {
    "bleu-1": 0.126912537223112,
    "bleu-2": 0.05262834174853014,
    "bleu-3": 0.02228357143040233,
    "bleu-4": 0.012565538748318719,
    "meteor": 0.1357865748918672,
    "rouge_1": 0.15738399839799477,
    "rouge_2": 0.04358264360449758,
    "rouge_l": 0.12311989269442977
  }
}