{
  "detection": {
    "prec": 0.8247566063977747,
    "rec": 0.8682284040995608,
    "f1": 0.8459343794579173
  },
  "selection": {
    "mrr@5": 0.32584403233475995,
    "r@1": 0.30670470756062773,
    "r@5": 0.35092724679029963
  },
  "generation": {
    "bleu-1": 0.12691687944193206,
    "bleu-2": 0.05358764033773739,
    "bleu-3": 0.022653192595681874,
    "bleu-4": 0.01289028151955731,
    "meteor": 0.136495200586094,
    "rouge_1": 0.15768596440724594,
    "rouge_2": 0.044390955366131184,
    "rouge_l": 0.12410596521152839
  }
}