{
  "detection": {
    "prec": 0.8247566063977747,
    "rec": 0.8682284040995608,
    "f1": 0.8459343794579173
  },
  "selection": {
    "mrr@5": 0.32584403233475995,
    "r@1": 0.30670470756062773,
    "r@5": 0.35092724679029963
  },
  "generation": {
    "bleu-1": 0.12032052142414679,
    "bleu-2": 0.04969366636798203,
    "bleu-3": 0.01855010348310859,
    "bleu-4": 0.008002634288780964,
    "meteor": 0.12534231219581754,
    "rouge_1": 0.15433112300698887,
    "rouge_2": 0.042431972666221035,
    "rouge_l": 0.12222080405298513
  }
}