{
  "detection": {
    "prec": 0.8438538205980066,
    "rec": 0.7437774524158126,
    "f1": 0.7906614785992219
  },
  "selection": {
    "mrr@5": 0.5575097276264591,
    "r@1": 0.488715953307393,
    "r@5": 0.6505836575875485
  },
  "generation": {
    "bleu-1": 0.11837561943657983,
    "bleu-2": 0.053324132120163,
    "bleu-3": 0.021843842192180083,
    "bleu-4": 0.009360557516113628,
    "meteor": 0.12854044956554128,
    "rouge_1": 0.14876933248983282,
    "rouge_2": 0.043978796010082456,
    "rouge_l": 0.11773172335577142
  }
}