{
  "detection": {
    "prec": 0.8003220611916264,
    "rec": 0.7276720351390923,
    "f1": 0.7622699386503068
  },
  "selection": {
    "mrr@5": 0.5584100204498977,
    "r@1": 0.49846625766871167,
    "r@5": 0.6441717791411042
  },
  "generation": {
    "bleu-1": 0.11224474876147418,
    "bleu-2": 0.04917674828784498,
    "bleu-3": 0.01881747798719895,
    "bleu-4": 0.00881962676934742,
    "meteor": 0.12347286473935908,
    "rouge_1": 0.14296986152789729,
    "rouge_2": 0.04170204164944134,
    "rouge_l": 0.11308969233654452
  }
}